{
  "accuracy": [
    0.02532265894114971,
    0.03528835251927376,
    0.037575557827949524,
    0.04149648919701576,
    0.04280346259474754,
    0.04754125326871872,
    0.0454174168407917,
    0.05129880830645561,
    0.0522790402173996,
    0.05325927212834358,
    0.05946740880608559,
    0.05783368647098541,
    0.05276915431022644,
    0.06338833272457123,
    0.060937754809856415,
    0.06061100959777832,
    0.06338833272457123,
    0.06436856836080551,
    0.06208135932683945,
    0.06485868245363235,
    0.05129880830645561,
    0.0588139183819294,
    0.05734357237815857,
    0.0650220587849617,
    0.06861624121665955,
    0.07237379252910614,
    0.07221042364835739,
    0.07368077337741852,
    0.0753144919872284,
    0.0777650699019432
  ],
  "loss": [
    3.6202664375305176,
    3.4333455562591553,
    3.3824515342712402,
    3.3351199626922607,
    3.3082993030548096,
    3.297206163406372,
    3.284315347671509,
    3.26987361907959,
    3.26070499420166,
    3.2555973529815674,
    3.2537450790405273,
    3.2482810020446777,
    3.2498786449432373,
    3.239689588546753,
    3.239736557006836,
    3.2381651401519775,
    3.2378532886505127,
    3.2349040508270264,
    3.236104726791382,
    3.2321200370788574,
    3.5022451877593994,
    3.353358268737793,
    3.320883274078369,
    3.2902019023895264,
    3.2791900634765625,
    3.2649013996124268,
    3.257558822631836,
    3.243177652359009,
    3.234830856323242,
    3.2222840785980225
  ],
  "top_3_accuracy": [
    0.08037902414798737,
    0.09900343418121338,
    0.10651854425668716,
    0.11517725884914398,
    0.11664760857820511,
    0.12465283274650574,
    0.12448946386575699,
    0.13445515930652618,
    0.14049991965293884,
    0.13298480212688446,
    0.14197026193141937,
    0.14572782814502716,
    0.1393563151359558,
    0.152426078915596,
    0.14605456590652466,
    0.146217942237854,
    0.14850515127182007,
    0.152426078915596,
    0.15454991161823273,
    0.15177258849143982,
    0.12563306093215942,
    0.14164352416992188,
    0.14131677150726318,
    0.158634215593338,
    0.1596144437789917,
    0.16631269454956055,
    0.17121385037899017,
    0.1730109453201294,
    0.1723574548959732,
    0.18052606284618378
  ],
  "val_accuracy": [
    0.04464973136782646,
    0.05157813802361488,
    0.04618937522172928,
    0.036181677132844925,
    0.06697459518909454,
    0.09083911031484604,
    0.08775981515645981,
    0.08468051999807358,
    0.08775981515645981,
    0.08698999136686325,
    0.08468051999807358,
    0.09006928652524948,
    0.08698999136686325,
    0.08468051999807358,
    0.08698999136686325,
    0.0823710560798645,
    0.08929946273565292,
    0.08852963894605637,
    0.07621247321367264,
    0.08698999136686325,
    0.028483448550105095,
    0.07313317805528641,
    0.0862201675772667,
    0.07775211334228516,
    0.09545804560184479,
    0.09545804560184479,
    0.07082371413707733,
    0.10315627604722977,
    0.0969976931810379,
    0.09391839802265167
  ],
  "val_loss": [
    3.705643892288208,
    3.6569032669067383,
    3.706974506378174,
    3.654064655303955,
    3.58060622215271,
    3.5878050327301025,
    3.587857961654663,
    3.595881938934326,
    3.5763120651245117,
    3.574727773666382,
    3.572289228439331,
    3.572488784790039,
    3.5756824016571045,
    3.5803024768829346,
    3.5717732906341553,
    3.57248854637146,
    3.571585178375244,
    3.5712735652923584,
    3.568023681640625,
    3.565361261367798,
    3.7353098392486572,
    3.577773094177246,
    3.545132637023926,
    3.5347812175750732,
    3.5100464820861816,
    3.541048765182495,
    3.5088374614715576,
    3.493358850479126,
    3.5673983097076416,
    3.4349887371063232
  ],
  "val_top_3_accuracy": [
    0.11701308935880661,
    0.16012316942214966,
    0.13625866174697876,
    0.15858352184295654,
    0.164742112159729,
    0.1939953863620758,
    0.18090839684009552,
    0.18552732467651367,
    0.19014626741409302,
    0.18937644362449646,
    0.18398767709732056,
    0.18552732467651367,
    0.18937644362449646,
    0.20015396177768707,
    0.1939953863620758,
    0.19630484282970428,
    0.19168591499328613,
    0.19014626741409302,
    0.17859892547130585,
    0.19014626741409302,
    0.10238645225763321,
    0.15704387426376343,
    0.19091609120368958,
    0.1924557387828827,
    0.20246343314647675,
    0.20785219967365265,
    0.17705927789211273,
    0.2163202464580536,
    0.19014626741409302,
    0.2070823758840561
  ],
  "learning_rate": [
    0.0010000000474974513,
    0.0010000000474974513,
    0.0010000000474974513,
    0.0010000000474974513,
    0.0010000000474974513,
    0.0010000000474974513,
    0.0010000000474974513,
    0.0010000000474974513,
    0.0005000000237487257,
    0.0005000000237487257,
    0.0005000000237487257,
    0.0005000000237487257,
    0.0005000000237487257,
    0.0005000000237487257,
    0.0002500000118743628,
    0.0002500000118743628,
    0.0002500000118743628,
    0.0002500000118743628,
    0.0002500000118743628,
    0.0002500000118743628,
    9.999999747378752e-05,
    9.999999747378752e-05,
    9.999999747378752e-05,
    9.999999747378752e-05,
    9.999999747378752e-05,
    9.999999747378752e-05,
    9.999999747378752e-05,
    9.999999747378752e-05,
    9.999999747378752e-05,
    9.999999747378752e-05
  ]
}